{"cameraMode":{"drawMode":0,"name":"Shaded","section":"Shading Mode"},"sceneLighting":false,"audioPlay":false,"sceneViewState":{"m_AlwaysRefresh":false,"showFog":true,"showSkybox":false,"showFlares":true,"showImageEffects":true,"showParticleSystems":true,"showVisualEffectGraphs":true,"m_FxEnabled":true},"in2DMode":false,"pivot":{"x":-0.29827505350112917,"y":-1.0988335609436036,"z":25.753799438476564},"rotation":{"x":0.08952859789133072,"y":-0.8476321697235107,"z":0.15161770582199098,"w":0.5005188584327698},"size":1.5426552295684815,"orthographic":false}