{"cameraMode":{"drawMode":0,"name":"Shaded","section":"Shading Mode"},"sceneLighting":false,"audioPlay":false,"sceneViewState":{"m_AlwaysRefresh":false,"showFog":true,"showSkybox":false,"showFlares":true,"showImageEffects":true,"showParticleSystems":true,"showVisualEffectGraphs":true,"m_FxEnabled":true},"in2DMode":false,"pivot":{"x":-0.040506988763809207,"y":0.5903185606002808,"z":-0.23593980073928834},"rotation":{"x":-0.0011313476134091616,"y":0.9875495433807373,"z":-0.15715213119983674,"w":-0.007109523750841618},"size":2.5486655235290529,"orthographic":false}